Category Title,Category URL,Subcategory Title,Subcategory URL,View More Exists,View More URL,Article Count
RA Family,https://en-support.renesas.com/knowledgeBase/category/31087,RA and FSP Quick Start Curriculum,https://en-support.renesas.com/knowledgeBase/category/31087/subcategory/31655,True,https://en-support.renesas.com/knowledgeBase/category/31087/subcategory/31655,13
RA Family,https://en-support.renesas.com/knowledgeBase/category/31087,RA and FSP Technical articles,https://en-support.renesas.com/knowledgeBase/category/31087/subcategory/31656,True,https://en-support.renesas.com/knowledgeBase/category/31087/subcategory/31656,31
RA Family,https://en-support.renesas.com/knowledgeBase/category/31087,RA Hardware,https://en-support.renesas.com/knowledgeBase/category/31087/subcategory/31089,True,https://en-support.renesas.com/knowledgeBase/category/31087/subcategory/31089,24
RA Family,https://en-support.renesas.com/knowledgeBase/category/31087,RA/FSP Software,https://en-support.renesas.com/knowledgeBase/category/31087/subcategory/31088,True,https://en-support.renesas.com/knowledgeBase/category/31087/subcategory/31088,90
RA Family,https://en-support.renesas.com/knowledgeBase/category/31087,RA/FSP Knowledge Base,https://en-support.renesas.com/knowledgeBase/category/31087/subcategory/31090,True,https://en-support.renesas.com/knowledgeBase/category/31087/subcategory/31090,254
RA Family,https://en-support.renesas.com/knowledgeBase/category/31087,RA/FSP GitHub,https://en-support.renesas.com/knowledgeBase/category/31087/subcategory/31091,False,,3
RA Family,https://en-support.renesas.com/knowledgeBase/category/31087,RA8 Series with Cortex-M85 core,https://en-support.renesas.com/knowledgeBase/category/31087/subcategory/32169,True,https://en-support.renesas.com/knowledgeBase/category/31087/subcategory/32169,24
RA Family,https://en-support.renesas.com/knowledgeBase/category/31087,RA4 & RA6 Series with Cortex-M33 core,https://en-support.renesas.com/knowledgeBase/category/31087/subcategory/31269,True,https://en-support.renesas.com/knowledgeBase/category/31087/subcategory/31269,30
RA Family,https://en-support.renesas.com/knowledgeBase/category/31087,RA2 Series with Cortex-M23 core,https://en-support.renesas.com/knowledgeBase/category/31087/subcategory/31297,True,https://en-support.renesas.com/knowledgeBase/category/31087/subcategory/31297,19
RA Family,https://en-support.renesas.com/knowledgeBase/category/31087,RA0 Series with Cortex-M23 core,https://en-support.renesas.com/knowledgeBase/category/31087/subcategory/32659,True,https://en-support.renesas.com/knowledgeBase/category/31087/subcategory/32659,10
RA Family,https://en-support.renesas.com/knowledgeBase/category/31087,"RA-T Series (RA6T1 group, RA6T2 group, RA4T1 group, RA6T3 group)",https://en-support.renesas.com/knowledgeBase/category/31087/subcategory/31293,True,https://en-support.renesas.com/knowledgeBase/category/31087/subcategory/31293,18
RA Family,https://en-support.renesas.com/knowledgeBase/category/31087,RA4W1,https://en-support.renesas.com/knowledgeBase/category/31087/subcategory/31225,False,,5
RA Family,https://en-support.renesas.com/knowledgeBase/category/31087,A/D Converter,https://en-support.renesas.com/knowledgeBase/category/31087/subcategory/31404,True,https://en-support.renesas.com/knowledgeBase/category/31087/subcategory/31404,9
RA Family,https://en-support.renesas.com/knowledgeBase/category/31087,Azure RTOS FileX,https://en-support.renesas.com/knowledgeBase/category/31087/subcategory/31547,False,,1
RA Family,https://en-support.renesas.com/knowledgeBase/category/31087,Azure RTOS USBX,https://en-support.renesas.com/knowledgeBase/category/31087/subcategory/31546,False,,2
RA Family,https://en-support.renesas.com/knowledgeBase/category/31087,BLE,https://en-support.renesas.com/knowledgeBase/category/31087/subcategory/31455,False,,0
RA Family,https://en-support.renesas.com/knowledgeBase/category/31087,Capacitive Touch,https://en-support.renesas.com/knowledgeBase/category/31087/subcategory/33682,False,,2
RA Family,https://en-support.renesas.com/knowledgeBase/category/31087,"Data Transfer (DMAC, DTC, Others)",https://en-support.renesas.com/knowledgeBase/category/31087/subcategory/31444,False,,2
RA Family,https://en-support.renesas.com/knowledgeBase/category/31087,Ethernet,https://en-support.renesas.com/knowledgeBase/category/31087/subcategory/31398,True,https://en-support.renesas.com/knowledgeBase/category/31087/subcategory/31398,8
RA Family,https://en-support.renesas.com/knowledgeBase/category/31087,External Bus,https://en-support.renesas.com/knowledgeBase/category/31087/subcategory/31431,True,https://en-support.renesas.com/knowledgeBase/category/31087/subcategory/31431,7
RA Family,https://en-support.renesas.com/knowledgeBase/category/31087,Flash Memory,https://en-support.renesas.com/knowledgeBase/category/31087/subcategory/31435,True,https://en-support.renesas.com/knowledgeBase/category/31087/subcategory/31435,6
RA Family,https://en-support.renesas.com/knowledgeBase/category/31087,I/O Port,https://en-support.renesas.com/knowledgeBase/category/31087/subcategory/31394,True,https://en-support.renesas.com/knowledgeBase/category/31087/subcategory/31394,10
RA Family,https://en-support.renesas.com/knowledgeBase/category/31087,I2C-bus Interface (IIC),https://en-support.renesas.com/knowledgeBase/category/31087/subcategory/31542,False,,4
RA Family,https://en-support.renesas.com/knowledgeBase/category/31087,Interrupt,https://en-support.renesas.com/knowledgeBase/category/31087/subcategory/31428,False,,1
RA Family,https://en-support.renesas.com/knowledgeBase/category/31087,Low Power Consumption,https://en-support.renesas.com/knowledgeBase/category/31087/subcategory/31416,True,https://en-support.renesas.com/knowledgeBase/category/31087/subcategory/31416,9
RA Family,https://en-support.renesas.com/knowledgeBase/category/31087,Octa Serial Peripheral Interface (OSPI),https://en-support.renesas.com/knowledgeBase/category/31087/subcategory/31873,False,,4
RA Family,https://en-support.renesas.com/knowledgeBase/category/31087,RAM,https://en-support.renesas.com/knowledgeBase/category/31087/subcategory/31396,False,,3
RA Family,https://en-support.renesas.com/knowledgeBase/category/31087,Real Time Clock (RTC),https://en-support.renesas.com/knowledgeBase/category/31087/subcategory/31425,True,https://en-support.renesas.com/knowledgeBase/category/31087/subcategory/31425,7
RA Family,https://en-support.renesas.com/knowledgeBase/category/31087,Reset,https://en-support.renesas.com/knowledgeBase/category/31087/subcategory/31432,False,,1
RA Family,https://en-support.renesas.com/knowledgeBase/category/31087,Serial Communications Interface (SCI),https://en-support.renesas.com/knowledgeBase/category/31087/subcategory/31418,True,https://en-support.renesas.com/knowledgeBase/category/31087/subcategory/31418,25
RA Family,https://en-support.renesas.com/knowledgeBase/category/31087,Serial Peripheral Interface (SPI),https://en-support.renesas.com/knowledgeBase/category/31087/subcategory/31450,True,https://en-support.renesas.com/knowledgeBase/category/31087/subcategory/31450,11
RA Family,https://en-support.renesas.com/knowledgeBase/category/31087,Timer,https://en-support.renesas.com/knowledgeBase/category/31087/subcategory/31429,True,https://en-support.renesas.com/knowledgeBase/category/31087/subcategory/31429,6
RA Family,https://en-support.renesas.com/knowledgeBase/category/31087,USB,https://en-support.renesas.com/knowledgeBase/category/31087/subcategory/31446,False,,4
RA Family,https://en-support.renesas.com/knowledgeBase/category/31087,AI Kit with RA Family,https://en-support.renesas.com/knowledgeBase/category/31087/subcategory/32593,True,https://en-support.renesas.com/knowledgeBase/category/31087/subcategory/32593,11
RA Family,https://en-support.renesas.com/knowledgeBase/category/31087,Voice Kit with RA Family,https://en-support.renesas.com/knowledgeBase/category/31087/subcategory/31615,True,https://en-support.renesas.com/knowledgeBase/category/31087/subcategory/31615,17
RA Family,https://en-support.renesas.com/knowledgeBase/category/31087,"Watchdog Timer (WDT, IWDT)",https://en-support.renesas.com/knowledgeBase/category/31087/subcategory/31422,False,,3
RA Family,https://en-support.renesas.com/knowledgeBase/category/31087,Renesas Ready Partner Network,https://en-support.renesas.com/knowledgeBase/category/31087/subcategory/31698,False,,5
RZ Family,https://en-support.renesas.com/knowledgeBase/category/31243,RZ/A,https://en-support.renesas.com/knowledgeBase/category/31243/subcategory/31244,True,https://en-support.renesas.com/knowledgeBase/category/31243/subcategory/31244,43
RZ Family,https://en-support.renesas.com/knowledgeBase/category/31243,RZ/G,https://en-support.renesas.com/knowledgeBase/category/31243/subcategory/31245,True,https://en-support.renesas.com/knowledgeBase/category/31243/subcategory/31245,70
RZ Family,https://en-support.renesas.com/knowledgeBase/category/31243,RZ/N2L,https://en-support.renesas.com/knowledgeBase/category/31243/subcategory/31657,True,https://en-support.renesas.com/knowledgeBase/category/31243/subcategory/31657,6
RZ Family,https://en-support.renesas.com/knowledgeBase/category/31243,RZ/T1,https://en-support.renesas.com/knowledgeBase/category/31243/subcategory/31246,True,https://en-support.renesas.com/knowledgeBase/category/31243/subcategory/31246,58
RZ Family,https://en-support.renesas.com/knowledgeBase/category/31243,"RZ/T2H, RZ/N2H",https://en-support.renesas.com/knowledgeBase/category/31243/subcategory/33192,True,https://en-support.renesas.com/knowledgeBase/category/31243/subcategory/33192,10
RZ Family,https://en-support.renesas.com/knowledgeBase/category/31243,RZ/T2L,https://en-support.renesas.com/knowledgeBase/category/31243/subcategory/31738,False,,5
RZ Family,https://en-support.renesas.com/knowledgeBase/category/31243,RZ/T2M,https://en-support.renesas.com/knowledgeBase/category/31243/subcategory/31597,True,https://en-support.renesas.com/knowledgeBase/category/31243/subcategory/31597,8
RZ Family,https://en-support.renesas.com/knowledgeBase/category/31243,RZ/V,https://en-support.renesas.com/knowledgeBase/category/31243/subcategory/31562,True,https://en-support.renesas.com/knowledgeBase/category/31243/subcategory/31562,43
RZ Family,https://en-support.renesas.com/knowledgeBase/category/31243,RZ/Five-RISC-V,https://en-support.renesas.com/knowledgeBase/category/31243/subcategory/31660,False,,0
RZ Family,https://en-support.renesas.com/knowledgeBase/category/31243,"RZ/T2, RZ/N2 FSP",https://en-support.renesas.com/knowledgeBase/category/31243/subcategory/33559,False,,5
RL78 Family,https://en-support.renesas.com/knowledgeBase/category/31025,RL78/G24,https://en-support.renesas.com/knowledgeBase/category/31025/subcategory/32090,True,https://en-support.renesas.com/knowledgeBase/category/31025/subcategory/32090,8
RL78 Family,https://en-support.renesas.com/knowledgeBase/category/31025,RL78/G23,https://en-support.renesas.com/knowledgeBase/category/31025/subcategory/31369,True,https://en-support.renesas.com/knowledgeBase/category/31025/subcategory/31369,11
RL78 Family,https://en-support.renesas.com/knowledgeBase/category/31025,RL78/G22,https://en-support.renesas.com/knowledgeBase/category/31025/subcategory/31718,False,,3
RL78 Family,https://en-support.renesas.com/knowledgeBase/category/31025,RL78/G16,https://en-support.renesas.com/knowledgeBase/category/31025/subcategory/31838,False,,2
RL78 Family,https://en-support.renesas.com/knowledgeBase/category/31025,RL78/G15,https://en-support.renesas.com/knowledgeBase/category/31025/subcategory/31712,True,https://en-support.renesas.com/knowledgeBase/category/31025/subcategory/31712,6
RL78 Family,https://en-support.renesas.com/knowledgeBase/category/31025,RL78/G14 Fast Prototyping Board,https://en-support.renesas.com/knowledgeBase/category/31025/subcategory/31146,True,https://en-support.renesas.com/knowledgeBase/category/31025/subcategory/31146,6
RL78 Family,https://en-support.renesas.com/knowledgeBase/category/31025,RL78/G1P Fast Prototyping Board,https://en-support.renesas.com/knowledgeBase/category/31025/subcategory/31231,True,https://en-support.renesas.com/knowledgeBase/category/31025/subcategory/31231,7
RL78 Family,https://en-support.renesas.com/knowledgeBase/category/31025,"RL78/F23, RL78/F24",https://en-support.renesas.com/knowledgeBase/category/31025/subcategory/32373,True,https://en-support.renesas.com/knowledgeBase/category/31025/subcategory/32373,6
RL78 Family,https://en-support.renesas.com/knowledgeBase/category/31025,RL78/F1x,https://en-support.renesas.com/knowledgeBase/category/31025/subcategory/31406,True,https://en-support.renesas.com/knowledgeBase/category/31025/subcategory/31406,6
RL78 Family,https://en-support.renesas.com/knowledgeBase/category/31025,Solution,https://en-support.renesas.com/knowledgeBase/category/31025/subcategory/31026,False,,5
RL78 Family,https://en-support.renesas.com/knowledgeBase/category/31025,Product Migration,https://en-support.renesas.com/knowledgeBase/category/31025/subcategory/31027,False,,3
RL78 Family,https://en-support.renesas.com/knowledgeBase/category/31025,A/D Converter,https://en-support.renesas.com/knowledgeBase/category/31025/subcategory/31028,True,https://en-support.renesas.com/knowledgeBase/category/31025/subcategory/31028,12
RL78 Family,https://en-support.renesas.com/knowledgeBase/category/31025,Capacitive Touch,https://en-support.renesas.com/knowledgeBase/category/31025/subcategory/31744,True,https://en-support.renesas.com/knowledgeBase/category/31025/subcategory/31744,8
RL78 Family,https://en-support.renesas.com/knowledgeBase/category/31025,Clock,https://en-support.renesas.com/knowledgeBase/category/31025/subcategory/31029,False,,4
RL78 Family,https://en-support.renesas.com/knowledgeBase/category/31025,Communication Function,https://en-support.renesas.com/knowledgeBase/category/31025/subcategory/31031,True,https://en-support.renesas.com/knowledgeBase/category/31025/subcategory/31031,18
RL78 Family,https://en-support.renesas.com/knowledgeBase/category/31025,Data Transfer,https://en-support.renesas.com/knowledgeBase/category/31025/subcategory/31032,False,,5
RL78 Family,https://en-support.renesas.com/knowledgeBase/category/31025,Electrical Characteristics,https://en-support.renesas.com/knowledgeBase/category/31025/subcategory/31033,False,,3
RL78 Family,https://en-support.renesas.com/knowledgeBase/category/31025,I/O Port,https://en-support.renesas.com/knowledgeBase/category/31025/subcategory/31034,True,https://en-support.renesas.com/knowledgeBase/category/31025/subcategory/31034,13
RL78 Family,https://en-support.renesas.com/knowledgeBase/category/31025,Interrupt/Exception,https://en-support.renesas.com/knowledgeBase/category/31025/subcategory/31035,True,https://en-support.renesas.com/knowledgeBase/category/31025/subcategory/31035,6
RL78 Family,https://en-support.renesas.com/knowledgeBase/category/31025,Low Voltage Detection,https://en-support.renesas.com/knowledgeBase/category/31025/subcategory/31036,False,,1
RL78 Family,https://en-support.renesas.com/knowledgeBase/category/31025,Memory,https://en-support.renesas.com/knowledgeBase/category/31025/subcategory/31037,True,https://en-support.renesas.com/knowledgeBase/category/31025/subcategory/31037,9
RL78 Family,https://en-support.renesas.com/knowledgeBase/category/31025,Real Time Clock (RTC),https://en-support.renesas.com/knowledgeBase/category/31025/subcategory/31038,False,,0
RL78 Family,https://en-support.renesas.com/knowledgeBase/category/31025,Register,https://en-support.renesas.com/knowledgeBase/category/31025/subcategory/31039,False,,5
RL78 Family,https://en-support.renesas.com/knowledgeBase/category/31025,Reset,https://en-support.renesas.com/knowledgeBase/category/31025/subcategory/31040,False,,5
RL78 Family,https://en-support.renesas.com/knowledgeBase/category/31025,Timer/Pulse Function,https://en-support.renesas.com/knowledgeBase/category/31025/subcategory/31041,True,https://en-support.renesas.com/knowledgeBase/category/31025/subcategory/31041,9
RL78 Family,https://en-support.renesas.com/knowledgeBase/category/31025,Others,https://en-support.renesas.com/knowledgeBase/category/31025/subcategory/31042,True,https://en-support.renesas.com/knowledgeBase/category/31025/subcategory/31042,15
RL78 Family,https://en-support.renesas.com/knowledgeBase/category/31025,Renesas Ready Partner Network,https://en-support.renesas.com/knowledgeBase/category/31025/subcategory/31699,False,,5
RX Family,https://en-support.renesas.com/knowledgeBase/category/30942,"RX72M, RX72N, RX66N",https://en-support.renesas.com/knowledgeBase/category/30942/subcategory/31187,True,https://en-support.renesas.com/knowledgeBase/category/30942/subcategory/31187,6
RX Family,https://en-support.renesas.com/knowledgeBase/category/30942,RX671,https://en-support.renesas.com/knowledgeBase/category/30942/subcategory/31477,False,,5
RX Family,https://en-support.renesas.com/knowledgeBase/category/30942,RX660,https://en-support.renesas.com/knowledgeBase/category/30942/subcategory/31651,False,,5
RX Family,https://en-support.renesas.com/knowledgeBase/category/30942,RX65N/RX651,https://en-support.renesas.com/knowledgeBase/category/30942/subcategory/30944,True,https://en-support.renesas.com/knowledgeBase/category/30942/subcategory/30944,18
RX Family,https://en-support.renesas.com/knowledgeBase/category/30942,RX261/RX260,https://en-support.renesas.com/knowledgeBase/category/30942/subcategory/33179,False,,5
RX Family,https://en-support.renesas.com/knowledgeBase/category/30942,RX23E-A,https://en-support.renesas.com/knowledgeBase/category/30942/subcategory/31181,True,https://en-support.renesas.com/knowledgeBase/category/30942/subcategory/31181,6
RX Family,https://en-support.renesas.com/knowledgeBase/category/30942,RX23E-B,https://en-support.renesas.com/knowledgeBase/category/30942/subcategory/32235,False,,5
RX Family,https://en-support.renesas.com/knowledgeBase/category/30942,RX23W,https://en-support.renesas.com/knowledgeBase/category/30942/subcategory/31141,True,https://en-support.renesas.com/knowledgeBase/category/30942/subcategory/31141,10
RX Family,https://en-support.renesas.com/knowledgeBase/category/30942,RX140,https://en-support.renesas.com/knowledgeBase/category/30942/subcategory/31496,False,,5
RX Family,https://en-support.renesas.com/knowledgeBase/category/30942,RX130,https://en-support.renesas.com/knowledgeBase/category/30942/subcategory/30943,False,,4
RX Family,https://en-support.renesas.com/knowledgeBase/category/30942,RX26T,https://en-support.renesas.com/knowledgeBase/category/30942/subcategory/31824,True,https://en-support.renesas.com/knowledgeBase/category/30942/subcategory/31824,6
RX Family,https://en-support.renesas.com/knowledgeBase/category/30942,RX-T,https://en-support.renesas.com/knowledgeBase/category/30942/subcategory/31184,True,https://en-support.renesas.com/knowledgeBase/category/30942/subcategory/31184,6
RX Family,https://en-support.renesas.com/knowledgeBase/category/30942,A/D Converter,https://en-support.renesas.com/knowledgeBase/category/30942/subcategory/30945,True,https://en-support.renesas.com/knowledgeBase/category/30942/subcategory/30945,8
RX Family,https://en-support.renesas.com/knowledgeBase/category/30942,Battery backup function,https://en-support.renesas.com/knowledgeBase/category/30942/subcategory/33204,False,,1
RX Family,https://en-support.renesas.com/knowledgeBase/category/30942,Boundary Scan,https://en-support.renesas.com/knowledgeBase/category/30942/subcategory/30946,False,,2
RX Family,https://en-support.renesas.com/knowledgeBase/category/30942,Capacitive Touch,https://en-support.renesas.com/knowledgeBase/category/30942/subcategory/30929,True,https://en-support.renesas.com/knowledgeBase/category/30942/subcategory/30929,78
RX Family,https://en-support.renesas.com/knowledgeBase/category/30942,Clock Generation Circuit,https://en-support.renesas.com/knowledgeBase/category/30942/subcategory/30947,True,https://en-support.renesas.com/knowledgeBase/category/30942/subcategory/30947,22
RX Family,https://en-support.renesas.com/knowledgeBase/category/30942,CPU,https://en-support.renesas.com/knowledgeBase/category/30942/subcategory/30948,True,https://en-support.renesas.com/knowledgeBase/category/30942/subcategory/30948,24
RX Family,https://en-support.renesas.com/knowledgeBase/category/30942,"Data Transfer (DMAC, DTC, Others)",https://en-support.renesas.com/knowledgeBase/category/30942/subcategory/30949,True,https://en-support.renesas.com/knowledgeBase/category/30942/subcategory/30949,16
RX Family,https://en-support.renesas.com/knowledgeBase/category/30942,Electrical Characteristics,https://en-support.renesas.com/knowledgeBase/category/30942/subcategory/33203,False,,2
RX Family,https://en-support.renesas.com/knowledgeBase/category/30942,Ethernet,https://en-support.renesas.com/knowledgeBase/category/30942/subcategory/30950,True,https://en-support.renesas.com/knowledgeBase/category/30942/subcategory/30950,6
RX Family,https://en-support.renesas.com/knowledgeBase/category/30942,Exception Handling,https://en-support.renesas.com/knowledgeBase/category/30942/subcategory/30951,True,https://en-support.renesas.com/knowledgeBase/category/30942/subcategory/30951,6
RX Family,https://en-support.renesas.com/knowledgeBase/category/30942,External Bus,https://en-support.renesas.com/knowledgeBase/category/30942/subcategory/30952,True,https://en-support.renesas.com/knowledgeBase/category/30942/subcategory/30952,12
RX Family,https://en-support.renesas.com/knowledgeBase/category/30942,Flash Memory,https://en-support.renesas.com/knowledgeBase/category/30942/subcategory/30953,True,https://en-support.renesas.com/knowledgeBase/category/30942/subcategory/30953,48
RX Family,https://en-support.renesas.com/knowledgeBase/category/30942,Frequency Measurement Circuit,https://en-support.renesas.com/knowledgeBase/category/30942/subcategory/30954,False,,1
RX Family,https://en-support.renesas.com/knowledgeBase/category/30942,RX Hardware,https://en-support.renesas.com/knowledgeBase/category/30942/subcategory/32769,False,,2
RX Family,https://en-support.renesas.com/knowledgeBase/category/30942,I/O Port,https://en-support.renesas.com/knowledgeBase/category/30942/subcategory/30955,True,https://en-support.renesas.com/knowledgeBase/category/30942/subcategory/30955,15
RX Family,https://en-support.renesas.com/knowledgeBase/category/30942,I/O Register,https://en-support.renesas.com/knowledgeBase/category/30942/subcategory/30956,True,https://en-support.renesas.com/knowledgeBase/category/30942/subcategory/30956,6
RX Family,https://en-support.renesas.com/knowledgeBase/category/30942,I2C-bus Interface (RIIC),https://en-support.renesas.com/knowledgeBase/category/30942/subcategory/30957,False,,1
RX Family,https://en-support.renesas.com/knowledgeBase/category/30942,Interrupt controller,https://en-support.renesas.com/knowledgeBase/category/30942/subcategory/30958,True,https://en-support.renesas.com/knowledgeBase/category/30942/subcategory/30958,13
RX Family,https://en-support.renesas.com/knowledgeBase/category/30942,Low Power Consumption,https://en-support.renesas.com/knowledgeBase/category/30942/subcategory/30959,True,https://en-support.renesas.com/knowledgeBase/category/30942/subcategory/30959,24
RX Family,https://en-support.renesas.com/knowledgeBase/category/30942,Operating Modes,https://en-support.renesas.com/knowledgeBase/category/30942/subcategory/30960,False,,1
RX Family,https://en-support.renesas.com/knowledgeBase/category/30942,Port Output Enable (POE),https://en-support.renesas.com/knowledgeBase/category/30942/subcategory/30961,False,,1
RX Family,https://en-support.renesas.com/knowledgeBase/category/30942,RAM,https://en-support.renesas.com/knowledgeBase/category/30942/subcategory/30962,False,,5
RX Family,https://en-support.renesas.com/knowledgeBase/category/30942,Real Time Clock (RTC),https://en-support.renesas.com/knowledgeBase/category/30942/subcategory/30963,True,https://en-support.renesas.com/knowledgeBase/category/30942/subcategory/30963,9
RX Family,https://en-support.renesas.com/knowledgeBase/category/30942,Reset,https://en-support.renesas.com/knowledgeBase/category/30942/subcategory/30964,False,,2
RX Family,https://en-support.renesas.com/knowledgeBase/category/30942,Security,https://en-support.renesas.com/knowledgeBase/category/30942/subcategory/33565,False,,1
RX Family,https://en-support.renesas.com/knowledgeBase/category/30942,Serial Communications Interface (SCI),https://en-support.renesas.com/knowledgeBase/category/30942/subcategory/30965,True,https://en-support.renesas.com/knowledgeBase/category/30942/subcategory/30965,28
RX Family,https://en-support.renesas.com/knowledgeBase/category/30942,Serial Peripheral Interface (RSPI),https://en-support.renesas.com/knowledgeBase/category/30942/subcategory/30966,True,https://en-support.renesas.com/knowledgeBase/category/30942/subcategory/30966,8
RX Family,https://en-support.renesas.com/knowledgeBase/category/30942,"Timer (MTU, TPU, CMT, Others)",https://en-support.renesas.com/knowledgeBase/category/30942/subcategory/30967,True,https://en-support.renesas.com/knowledgeBase/category/30942/subcategory/30967,8
RX Family,https://en-support.renesas.com/knowledgeBase/category/30942,USB,https://en-support.renesas.com/knowledgeBase/category/30942/subcategory/30968,False,,2
RX Family,https://en-support.renesas.com/knowledgeBase/category/30942,Voltage Detection Circuit,https://en-support.renesas.com/knowledgeBase/category/30942/subcategory/30969,False,,3
RX Family,https://en-support.renesas.com/knowledgeBase/category/30942,"Watchdog Timer (WDT, IWDT)",https://en-support.renesas.com/knowledgeBase/category/30942/subcategory/30970,False,,4
RX Family,https://en-support.renesas.com/knowledgeBase/category/30942,Hardware Manual,https://en-support.renesas.com/knowledgeBase/category/30942/subcategory/31716,False,,0
RX Family,https://en-support.renesas.com/knowledgeBase/category/30942,Renesas Ready Partner Network,https://en-support.renesas.com/knowledgeBase/category/30942/subcategory/31700,False,,5
RX Family,https://en-support.renesas.com/knowledgeBase/category/30942,Others,https://en-support.renesas.com/knowledgeBase/category/30942/subcategory/30971,True,https://en-support.renesas.com/knowledgeBase/category/30942/subcategory/30971,39
RISC-V,https://en-support.renesas.com/knowledgeBase/category/31663,Device,https://en-support.renesas.com/knowledgeBase/category/31663/subcategory/31664,False,,4
RISC-V,https://en-support.renesas.com/knowledgeBase/category/31663,Kit,https://en-support.renesas.com/knowledgeBase/category/31663/subcategory/31665,False,,4
RISC-V,https://en-support.renesas.com/knowledgeBase/category/31663,Solution and tools,https://en-support.renesas.com/knowledgeBase/category/31663/subcategory/31666,False,,4
RISC-V,https://en-support.renesas.com/knowledgeBase/category/31663,Documentation,https://en-support.renesas.com/knowledgeBase/category/31663/subcategory/31667,False,,1
RISC-V,https://en-support.renesas.com/knowledgeBase/category/31663,RISC-V Voice ASSP,https://en-support.renesas.com/knowledgeBase/category/31663/subcategory/31748,True,https://en-support.renesas.com/knowledgeBase/category/31663/subcategory/31748,19
RH850 Family,https://en-support.renesas.com/knowledgeBase/category/31407,RH850/F1x,https://en-support.renesas.com/knowledgeBase/category/31407/subcategory/31408,True,https://en-support.renesas.com/knowledgeBase/category/31407/subcategory/31408,9
RH850 Family,https://en-support.renesas.com/knowledgeBase/category/31407,RH850/F1K,https://en-support.renesas.com/knowledgeBase/category/31407/subcategory/33625,False,,2
RH850 Family,https://en-support.renesas.com/knowledgeBase/category/31407,RH850/F1Kx,https://en-support.renesas.com/knowledgeBase/category/31407/subcategory/31913,True,https://en-support.renesas.com/knowledgeBase/category/31407/subcategory/31913,11
RH850 Family,https://en-support.renesas.com/knowledgeBase/category/31407,RH850/C1x,https://en-support.renesas.com/knowledgeBase/category/31407/subcategory/31493,True,https://en-support.renesas.com/knowledgeBase/category/31407/subcategory/31493,11
RH850 Family,https://en-support.renesas.com/knowledgeBase/category/31407,RH850/U2A,https://en-support.renesas.com/knowledgeBase/category/31407/subcategory/33626,False,,1
RH850 Family,https://en-support.renesas.com/knowledgeBase/category/31407,RH850 General,https://en-support.renesas.com/knowledgeBase/category/31407/subcategory/33624,True,https://en-support.renesas.com/knowledgeBase/category/31407/subcategory/33624,25
Renesas Synergy,https://en-support.renesas.com/knowledgeBase/category/30520,Synergy Software,https://en-support.renesas.com/knowledgeBase/category/30520/subcategory/30527,True,https://en-support.renesas.com/knowledgeBase/category/30520/subcategory/30527,273
Renesas Synergy,https://en-support.renesas.com/knowledgeBase/category/30520,Synergy Hardware,https://en-support.renesas.com/knowledgeBase/category/30520/subcategory/30524,True,https://en-support.renesas.com/knowledgeBase/category/30520/subcategory/30524,76
Renesas Synergy,https://en-support.renesas.com/knowledgeBase/category/30520,Synergy Solutions Gallery,https://en-support.renesas.com/knowledgeBase/category/30520/subcategory/30521,True,https://en-support.renesas.com/knowledgeBase/category/30520/subcategory/30521,7
Renesas Synergy,https://en-support.renesas.com/knowledgeBase/category/30520,Synergy Knowledge Base,https://en-support.renesas.com/knowledgeBase/category/30520/subcategory/30523,True,https://en-support.renesas.com/knowledgeBase/category/30520/subcategory/30523,449
Renesas Synergy,https://en-support.renesas.com/knowledgeBase/category/30520,IIC,https://en-support.renesas.com/knowledgeBase/category/30520/subcategory/31543,False,,0
Renesas Synergy,https://en-support.renesas.com/knowledgeBase/category/30520,Azure RTOS FileX,https://en-support.renesas.com/knowledgeBase/category/30520/subcategory/31544,False,,1
Renesas Synergy,https://en-support.renesas.com/knowledgeBase/category/30520,Azure RTOS NetX,https://en-support.renesas.com/knowledgeBase/category/30520/subcategory/31916,False,,1
Renesas Synergy,https://en-support.renesas.com/knowledgeBase/category/30520,Azure RTOS USBX,https://en-support.renesas.com/knowledgeBase/category/30520/subcategory/31545,True,https://en-support.renesas.com/knowledgeBase/category/30520/subcategory/31545,6
Reality AI Software,https://en-support.renesas.com/knowledgeBase/category/31692,General Questions,https://en-support.renesas.com/knowledgeBase/category/31692/subcategory/31693,False,,4
Reality AI Software,https://en-support.renesas.com/knowledgeBase/category/31692,Reality AI Tools® software,https://en-support.renesas.com/knowledgeBase/category/31692/subcategory/31694,True,https://en-support.renesas.com/knowledgeBase/category/31692/subcategory/31694,9
Reality AI Software,https://en-support.renesas.com/knowledgeBase/category/31692,RealityCheck AD,https://en-support.renesas.com/knowledgeBase/category/31692/subcategory/31695,True,https://en-support.renesas.com/knowledgeBase/category/31692/subcategory/31695,8
Reality AI Software,https://en-support.renesas.com/knowledgeBase/category/31692,Automotive SWS,https://en-support.renesas.com/knowledgeBase/category/31692/subcategory/31696,True,https://en-support.renesas.com/knowledgeBase/category/31692/subcategory/31696,8
Other MCUs & MPUs,https://en-support.renesas.com/knowledgeBase/category/30498,SH Family,https://en-support.renesas.com/knowledgeBase/category/30498/subcategory/30502,True,https://en-support.renesas.com/knowledgeBase/category/30498/subcategory/30502,299
Other MCUs & MPUs,https://en-support.renesas.com/knowledgeBase/category/30498,V850 Family,https://en-support.renesas.com/knowledgeBase/category/30498/subcategory/30503,True,https://en-support.renesas.com/knowledgeBase/category/30498/subcategory/30503,69
Other MCUs & MPUs,https://en-support.renesas.com/knowledgeBase/category/30498,78K Family,https://en-support.renesas.com/knowledgeBase/category/30498/subcategory/30512,True,https://en-support.renesas.com/knowledgeBase/category/30498/subcategory/30512,64
Other MCUs & MPUs,https://en-support.renesas.com/knowledgeBase/category/30498,R8C Family,https://en-support.renesas.com/knowledgeBase/category/30498/subcategory/30505,True,https://en-support.renesas.com/knowledgeBase/category/30498/subcategory/30505,100
Other MCUs & MPUs,https://en-support.renesas.com/knowledgeBase/category/30498,M16C Family,https://en-support.renesas.com/knowledgeBase/category/30498/subcategory/30506,True,https://en-support.renesas.com/knowledgeBase/category/30498/subcategory/30506,212
Other MCUs & MPUs,https://en-support.renesas.com/knowledgeBase/category/30498,M32R Family,https://en-support.renesas.com/knowledgeBase/category/30498/subcategory/30518,True,https://en-support.renesas.com/knowledgeBase/category/30498/subcategory/30518,24
Other MCUs & MPUs,https://en-support.renesas.com/knowledgeBase/category/30498,H8S H8SX Family,https://en-support.renesas.com/knowledgeBase/category/30498/subcategory/30507,True,https://en-support.renesas.com/knowledgeBase/category/30498/subcategory/30507,133
Other MCUs & MPUs,https://en-support.renesas.com/knowledgeBase/category/30498,H8/300H Family,https://en-support.renesas.com/knowledgeBase/category/30498/subcategory/30509,True,https://en-support.renesas.com/knowledgeBase/category/30498/subcategory/30509,32
Other MCUs & MPUs,https://en-support.renesas.com/knowledgeBase/category/30498,H8/TINY Family,https://en-support.renesas.com/knowledgeBase/category/30498/subcategory/30510,True,https://en-support.renesas.com/knowledgeBase/category/30498/subcategory/30510,84
Other MCUs & MPUs,https://en-support.renesas.com/knowledgeBase/category/30498,H8 Family,https://en-support.renesas.com/knowledgeBase/category/30498/subcategory/30511,True,https://en-support.renesas.com/knowledgeBase/category/30498/subcategory/30511,29
Other MCUs & MPUs,https://en-support.renesas.com/knowledgeBase/category/30498,740 Family,https://en-support.renesas.com/knowledgeBase/category/30498/subcategory/30514,True,https://en-support.renesas.com/knowledgeBase/category/30498/subcategory/30514,199
Other MCUs & MPUs,https://en-support.renesas.com/knowledgeBase/category/30498,720 Family,https://en-support.renesas.com/knowledgeBase/category/30498/subcategory/30513,True,https://en-support.renesas.com/knowledgeBase/category/30498/subcategory/30513,65
Other MCUs & MPUs,https://en-support.renesas.com/knowledgeBase/category/30498,Common,https://en-support.renesas.com/knowledgeBase/category/30498/subcategory/30516,True,https://en-support.renesas.com/knowledgeBase/category/30498/subcategory/30516,62
Other MCUs & MPUs,https://en-support.renesas.com/knowledgeBase/category/30498,Others,https://en-support.renesas.com/knowledgeBase/category/30498/subcategory/30517,True,https://en-support.renesas.com/knowledgeBase/category/30498/subcategory/30517,35
Software and Tools,https://en-support.renesas.com/knowledgeBase/category/30528,IDE (CS+),https://en-support.renesas.com/knowledgeBase/category/30528/subcategory/30538,True,https://en-support.renesas.com/knowledgeBase/category/30528/subcategory/30538,98
Software and Tools,https://en-support.renesas.com/knowledgeBase/category/30528,IDE (e² studio),https://en-support.renesas.com/knowledgeBase/category/30528/subcategory/30539,True,https://en-support.renesas.com/knowledgeBase/category/30528/subcategory/30539,175
Software and Tools,https://en-support.renesas.com/knowledgeBase/category/30528,IDE (High-performance Embedded Workshop),https://en-support.renesas.com/knowledgeBase/category/30528/subcategory/30540,True,https://en-support.renesas.com/knowledgeBase/category/30528/subcategory/30540,80
Software and Tools,https://en-support.renesas.com/knowledgeBase/category/30528,Other IDE,https://en-support.renesas.com/knowledgeBase/category/30528/subcategory/31682,False,,1
Software and Tools,https://en-support.renesas.com/knowledgeBase/category/30528,Compiler Common,https://en-support.renesas.com/knowledgeBase/category/30528/subcategory/30533,True,https://en-support.renesas.com/knowledgeBase/category/30528/subcategory/30533,83
Software and Tools,https://en-support.renesas.com/knowledgeBase/category/30528,C Compiler Package for RH850 Family (CC-RH),https://en-support.renesas.com/knowledgeBase/category/30528/subcategory/30547,True,https://en-support.renesas.com/knowledgeBase/category/30528/subcategory/30547,27
Software and Tools,https://en-support.renesas.com/knowledgeBase/category/30528,C/C++ Compiler Package for RX Family (CC-RX),https://en-support.renesas.com/knowledgeBase/category/30528/subcategory/30531,True,https://en-support.renesas.com/knowledgeBase/category/30528/subcategory/30531,81
Software and Tools,https://en-support.renesas.com/knowledgeBase/category/30528,C Compiler Package for RL78 Family (CC-RL),https://en-support.renesas.com/knowledgeBase/category/30528/subcategory/30529,True,https://en-support.renesas.com/knowledgeBase/category/30528/subcategory/30529,162
Software and Tools,https://en-support.renesas.com/knowledgeBase/category/30528,"C Compiler Package for RL78 and 78K Families(CA78K0R, CA78K0)",https://en-support.renesas.com/knowledgeBase/category/30528/subcategory/30530,True,https://en-support.renesas.com/knowledgeBase/category/30528/subcategory/30530,42
Software and Tools,https://en-support.renesas.com/knowledgeBase/category/30528,C Compiler Package for V850 Family (CA850),https://en-support.renesas.com/knowledgeBase/category/30528/subcategory/31628,True,https://en-support.renesas.com/knowledgeBase/category/30528/subcategory/31628,6
Software and Tools,https://en-support.renesas.com/knowledgeBase/category/30528,Other Compiler Package,https://en-support.renesas.com/knowledgeBase/category/30528/subcategory/30542,True,https://en-support.renesas.com/knowledgeBase/category/30528/subcategory/30542,119
Software and Tools,https://en-support.renesas.com/knowledgeBase/category/30528,"Code Generator Plug-in, Smart Configurator",https://en-support.renesas.com/knowledgeBase/category/30528/subcategory/30532,True,https://en-support.renesas.com/knowledgeBase/category/30528/subcategory/30532,40
Software and Tools,https://en-support.renesas.com/knowledgeBase/category/30528,Other Code Generator,https://en-support.renesas.com/knowledgeBase/category/30528/subcategory/31683,True,https://en-support.renesas.com/knowledgeBase/category/30528/subcategory/31683,19
Software and Tools,https://en-support.renesas.com/knowledgeBase/category/30528,Firmware Integration Technology (FIT),https://en-support.renesas.com/knowledgeBase/category/30528/subcategory/32759,True,https://en-support.renesas.com/knowledgeBase/category/30528/subcategory/32759,14
Software and Tools,https://en-support.renesas.com/knowledgeBase/category/30528,Middleware,https://en-support.renesas.com/knowledgeBase/category/30528/subcategory/31684,True,https://en-support.renesas.com/knowledgeBase/category/30528/subcategory/31684,8
Software and Tools,https://en-support.renesas.com/knowledgeBase/category/30528,"E2, E2 Lite, E1, E20",https://en-support.renesas.com/knowledgeBase/category/30528/subcategory/30534,True,https://en-support.renesas.com/knowledgeBase/category/30528/subcategory/30534,134
Software and Tools,https://en-support.renesas.com/knowledgeBase/category/30528,"E10A-USB, E10A",https://en-support.renesas.com/knowledgeBase/category/30528/subcategory/30535,True,https://en-support.renesas.com/knowledgeBase/category/30528/subcategory/30535,100
Software and Tools,https://en-support.renesas.com/knowledgeBase/category/30528,"E8, E8a",https://en-support.renesas.com/knowledgeBase/category/30528/subcategory/30536,True,https://en-support.renesas.com/knowledgeBase/category/30528/subcategory/30536,65
Software and Tools,https://en-support.renesas.com/knowledgeBase/category/30528,Other Emulator,https://en-support.renesas.com/knowledgeBase/category/30528/subcategory/30543,True,https://en-support.renesas.com/knowledgeBase/category/30528/subcategory/30543,18
Software and Tools,https://en-support.renesas.com/knowledgeBase/category/30528,Renesas Starter Kit,https://en-support.renesas.com/knowledgeBase/category/30528/subcategory/30546,True,https://en-support.renesas.com/knowledgeBase/category/30528/subcategory/30546,21
Software and Tools,https://en-support.renesas.com/knowledgeBase/category/30528,Other Board,https://en-support.renesas.com/knowledgeBase/category/30528/subcategory/31170,False,,3
Software and Tools,https://en-support.renesas.com/knowledgeBase/category/30528,Programmer (Unit/SW),https://en-support.renesas.com/knowledgeBase/category/30528/subcategory/30537,True,https://en-support.renesas.com/knowledgeBase/category/30528/subcategory/30537,199
Software and Tools,https://en-support.renesas.com/knowledgeBase/category/30528,Self Programming (Driver/Library),https://en-support.renesas.com/knowledgeBase/category/30528/subcategory/33188,True,https://en-support.renesas.com/knowledgeBase/category/30528/subcategory/33188,47
Software and Tools,https://en-support.renesas.com/knowledgeBase/category/30528,Real-time OS,https://en-support.renesas.com/knowledgeBase/category/30528/subcategory/30545,True,https://en-support.renesas.com/knowledgeBase/category/30528/subcategory/30545,61
Software and Tools,https://en-support.renesas.com/knowledgeBase/category/30528,"Development tools for applications (QE, Others)",https://en-support.renesas.com/knowledgeBase/category/30528/subcategory/30936,True,https://en-support.renesas.com/knowledgeBase/category/30528/subcategory/30936,12
Software and Tools,https://en-support.renesas.com/knowledgeBase/category/30528,Registration and Email,https://en-support.renesas.com/knowledgeBase/category/30528/subcategory/31685,False,,2
Software and Tools,https://en-support.renesas.com/knowledgeBase/category/30528,Others,https://en-support.renesas.com/knowledgeBase/category/30528/subcategory/30544,True,https://en-support.renesas.com/knowledgeBase/category/30528/subcategory/30544,7
R-Car S4 Gateway,https://en-support.renesas.com/knowledgeBase/category/31891,“R-Car S4 Whitebox SDK” for S4 Spider / S4 Starter Kit,https://en-support.renesas.com/knowledgeBase/category/31891/subcategory/31856,True,https://en-support.renesas.com/knowledgeBase/category/31891/subcategory/31856,47
R-Car S4 Gateway,https://en-support.renesas.com/knowledgeBase/category/31891,“R-Car S4 Whitebox SDK Demonstration” for S4 Spider / S4 Starter Kit,https://en-support.renesas.com/knowledgeBase/category/31891/subcategory/32295,False,,4
R-Car S4 Gateway,https://en-support.renesas.com/knowledgeBase/category/31891,“Board Specification” for R-Car S4 Starter Kit,https://en-support.renesas.com/knowledgeBase/category/31891/subcategory/32251,True,https://en-support.renesas.com/knowledgeBase/category/31891/subcategory/32251,15
R-Car S4 Gateway,https://en-support.renesas.com/knowledgeBase/category/31891,“Yocto(linux)” for R-Car S4 Starter Kit,https://en-support.renesas.com/knowledgeBase/category/31891/subcategory/32252,True,https://en-support.renesas.com/knowledgeBase/category/31891/subcategory/32252,12
R-Car S4 Gateway,https://en-support.renesas.com/knowledgeBase/category/31891,“Hypervisor(Xen)” for R-Car S4 Starter Kit,https://en-support.renesas.com/knowledgeBase/category/31891/subcategory/32253,False,,5
R-Car S4 Gateway,https://en-support.renesas.com/knowledgeBase/category/31891,“Documentation” for R-Car S4 Starter Kit,https://en-support.renesas.com/knowledgeBase/category/31891/subcategory/32254,False,,4
R-Car H3/M3 Cockpit,https://en-support.renesas.com/knowledgeBase/category/31363,“Board Specification” for Starter Kit / Kingfisher,https://en-support.renesas.com/knowledgeBase/category/31363/subcategory/31364,True,https://en-support.renesas.com/knowledgeBase/category/31363/subcategory/31364,20
R-Car H3/M3 Cockpit,https://en-support.renesas.com/knowledgeBase/category/31363,“Yocto(linux)” for Starter Kit / Kingfisher,https://en-support.renesas.com/knowledgeBase/category/31363/subcategory/31365,True,https://en-support.renesas.com/knowledgeBase/category/31363/subcategory/31365,93
R-Car H3/M3 Cockpit,https://en-support.renesas.com/knowledgeBase/category/31363,“Android” for Starter Kit /Kingfisher,https://en-support.renesas.com/knowledgeBase/category/31363/subcategory/31366,True,https://en-support.renesas.com/knowledgeBase/category/31363/subcategory/31366,20
R-Car H3/M3 Cockpit,https://en-support.renesas.com/knowledgeBase/category/31363,“Documentation” for R-Car Starter Kit / Kingfisher,https://en-support.renesas.com/knowledgeBase/category/31363/subcategory/31367,True,https://en-support.renesas.com/knowledgeBase/category/31363/subcategory/31367,6
R-Car H3/M3 Cockpit,https://en-support.renesas.com/knowledgeBase/category/31363,R-Car Consortium,https://en-support.renesas.com/knowledgeBase/category/31363/subcategory/31368,True,https://en-support.renesas.com/knowledgeBase/category/31363/subcategory/31368,11
R-Car H3/M3 Cockpit,https://en-support.renesas.com/knowledgeBase/category/31363,AGL,https://en-support.renesas.com/knowledgeBase/category/31363/subcategory/31620,True,https://en-support.renesas.com/knowledgeBase/category/31363/subcategory/31620,7
SoC / System LSI,https://en-support.renesas.com/knowledgeBase/category/30553,USB ASSP,https://en-support.renesas.com/knowledgeBase/category/30553/subcategory/30557,True,https://en-support.renesas.com/knowledgeBase/category/30553/subcategory/30557,12
SoC / System LSI,https://en-support.renesas.com/knowledgeBase/category/30553,Dedicated IC,https://en-support.renesas.com/knowledgeBase/category/30553/subcategory/30558,True,https://en-support.renesas.com/knowledgeBase/category/30553/subcategory/30558,7
SoC / System LSI,https://en-support.renesas.com/knowledgeBase/category/30553,Others,https://en-support.renesas.com/knowledgeBase/category/30553/subcategory/30556,True,https://en-support.renesas.com/knowledgeBase/category/30553/subcategory/30556,21
Analog Products,https://en-support.renesas.com/knowledgeBase/category/31630,All Amplifiers,https://en-support.renesas.com/knowledgeBase/category/31630/subcategory/12895,True,https://en-support.renesas.com/knowledgeBase/category/31630/subcategory/12895,17
Analog Products,https://en-support.renesas.com/knowledgeBase/category/31630,Comparators,https://en-support.renesas.com/knowledgeBase/category/31630/subcategory/30564,True,https://en-support.renesas.com/knowledgeBase/category/31630/subcategory/30564,15
Analog Products,https://en-support.renesas.com/knowledgeBase/category/31630,Operational Amplifiers,https://en-support.renesas.com/knowledgeBase/category/31630/subcategory/30565,True,https://en-support.renesas.com/knowledgeBase/category/31630/subcategory/30565,67
Analog Products,https://en-support.renesas.com/knowledgeBase/category/31630,Diff Amps,https://en-support.renesas.com/knowledgeBase/category/31630/subcategory/12899,False,,0
Analog Products,https://en-support.renesas.com/knowledgeBase/category/31630,Gain Blocks,https://en-support.renesas.com/knowledgeBase/category/31630/subcategory/12901,False,,1
Analog Products,https://en-support.renesas.com/knowledgeBase/category/31630,Transistor Arrays,https://en-support.renesas.com/knowledgeBase/category/31630/subcategory/12907,False,,1
Analog Products,https://en-support.renesas.com/knowledgeBase/category/31630,Instrumentation Amplifiers,https://en-support.renesas.com/knowledgeBase/category/31630/subcategory/12903,False,,0
Analog Products,https://en-support.renesas.com/knowledgeBase/category/31630,Digital Sound Processors,https://en-support.renesas.com/knowledgeBase/category/31630/subcategory/31742,False,,1
Analog Products,https://en-support.renesas.com/knowledgeBase/category/31630,Display ICs,https://en-support.renesas.com/knowledgeBase/category/31630/subcategory/12912,False,,1
Analog Products,https://en-support.renesas.com/knowledgeBase/category/31630,Security Surveillance,https://en-support.renesas.com/knowledgeBase/category/31630/subcategory/12914,False,,0
Analog Products,https://en-support.renesas.com/knowledgeBase/category/31630,Video Decoders/Encoders,https://en-support.renesas.com/knowledgeBase/category/31630/subcategory/12915,False,,0
Analog Products,https://en-support.renesas.com/knowledgeBase/category/31630,Video ICs,https://en-support.renesas.com/knowledgeBase/category/31630/subcategory/12916,False,,1
Analog Products,https://en-support.renesas.com/knowledgeBase/category/31630,Video Switching,https://en-support.renesas.com/knowledgeBase/category/31630/subcategory/12918,False,,3
Analog Products,https://en-support.renesas.com/knowledgeBase/category/31630,AFEs,https://en-support.renesas.com/knowledgeBase/category/31630/subcategory/12908,False,,0
Analog Products,https://en-support.renesas.com/knowledgeBase/category/31630,High Speed A/D Converters,https://en-support.renesas.com/knowledgeBase/category/31630/subcategory/12919,True,https://en-support.renesas.com/knowledgeBase/category/31630/subcategory/12919,31
Analog Products,https://en-support.renesas.com/knowledgeBase/category/31630,Precision A/D Converters,https://en-support.renesas.com/knowledgeBase/category/31630/subcategory/12920,True,https://en-support.renesas.com/knowledgeBase/category/31630/subcategory/12920,7
Analog Products,https://en-support.renesas.com/knowledgeBase/category/31630,Digital Potentiometers (DCPs),https://en-support.renesas.com/knowledgeBase/category/31630/subcategory/12923,True,https://en-support.renesas.com/knowledgeBase/category/31630/subcategory/12923,26
Analog Products,https://en-support.renesas.com/knowledgeBase/category/31630,Voltage References,https://en-support.renesas.com/knowledgeBase/category/31630/subcategory/12925,True,https://en-support.renesas.com/knowledgeBase/category/31630/subcategory/12925,7
Analog Products,https://en-support.renesas.com/knowledgeBase/category/31630,Power Line Communication (PLC),https://en-support.renesas.com/knowledgeBase/category/31630/subcategory/31513,False,,4
Analog Products,https://en-support.renesas.com/knowledgeBase/category/31630,Analog Switches,https://en-support.renesas.com/knowledgeBase/category/31630/subcategory/12943,True,https://en-support.renesas.com/knowledgeBase/category/31630/subcategory/12943,11
Analog Products,https://en-support.renesas.com/knowledgeBase/category/31630,USB Switches,https://en-support.renesas.com/knowledgeBase/category/31630/subcategory/12947,False,,0
Clocks & Timing,https://en-support.renesas.com/knowledgeBase/category/31058,Clock Buffers & Drivers,https://en-support.renesas.com/knowledgeBase/category/31058/subcategory/31092,True,https://en-support.renesas.com/knowledgeBase/category/31058/subcategory/31092,12
Clocks & Timing,https://en-support.renesas.com/knowledgeBase/category/31058,Clock Distribution,https://en-support.renesas.com/knowledgeBase/category/31058/subcategory/31093,False,,2
Clocks & Timing,https://en-support.renesas.com/knowledgeBase/category/31058,Clock Generation,https://en-support.renesas.com/knowledgeBase/category/31058/subcategory/31094,False,,5
Clocks & Timing,https://en-support.renesas.com/knowledgeBase/category/31058,Clocks - General Purpose,https://en-support.renesas.com/knowledgeBase/category/31058/subcategory/31095,False,,4
Clocks & Timing,https://en-support.renesas.com/knowledgeBase/category/31058,Clocks & Timing,https://en-support.renesas.com/knowledgeBase/category/31058/subcategory/31096,True,https://en-support.renesas.com/knowledgeBase/category/31058/subcategory/31096,53
Clocks & Timing,https://en-support.renesas.com/knowledgeBase/category/31058,Counters/Time Base ICs,https://en-support.renesas.com/knowledgeBase/category/31058/subcategory/31646,False,,0
Clocks & Timing,https://en-support.renesas.com/knowledgeBase/category/31058,Crystal Oscillators,https://en-support.renesas.com/knowledgeBase/category/31058/subcategory/31097,False,,2
Clocks & Timing,https://en-support.renesas.com/knowledgeBase/category/31058,FemtoClock® Low Phase-Noise Frequency Synthesizers,https://en-support.renesas.com/knowledgeBase/category/31058/subcategory/31098,False,,0
Clocks & Timing,https://en-support.renesas.com/knowledgeBase/category/31058,Jitter Attenuators with Frequency Translation,https://en-support.renesas.com/knowledgeBase/category/31058/subcategory/31099,True,https://en-support.renesas.com/knowledgeBase/category/31058/subcategory/31099,9
Clocks & Timing,https://en-support.renesas.com/knowledgeBase/category/31058,PCI Express® Clocks,https://en-support.renesas.com/knowledgeBase/category/31058/subcategory/31101,False,,2
Clocks & Timing,https://en-support.renesas.com/knowledgeBase/category/31058,Processor Clock Buffers,https://en-support.renesas.com/knowledgeBase/category/31058/subcategory/31102,False,,0
Clocks & Timing,https://en-support.renesas.com/knowledgeBase/category/31058,Processor Clock Generators,https://en-support.renesas.com/knowledgeBase/category/31058/subcategory/31103,False,,1
Clocks & Timing,https://en-support.renesas.com/knowledgeBase/category/31058,Processor Clocks,https://en-support.renesas.com/knowledgeBase/category/31058/subcategory/31104,False,,0
Clocks & Timing,https://en-support.renesas.com/knowledgeBase/category/31058,RTCs,https://en-support.renesas.com/knowledgeBase/category/31058/subcategory/12954,True,https://en-support.renesas.com/knowledgeBase/category/31058/subcategory/12954,6
Clocks & Timing,https://en-support.renesas.com/knowledgeBase/category/31058,Universal Frequency Translators (UFT),https://en-support.renesas.com/knowledgeBase/category/31058/subcategory/31105,False,,2
Clocks & Timing,https://en-support.renesas.com/knowledgeBase/category/31058,VersaClock® Programmable Clocks,https://en-support.renesas.com/knowledgeBase/category/31058/subcategory/31106,False,,4
Clocks & Timing,https://en-support.renesas.com/knowledgeBase/category/31058,Zero Delay Buffers (ZDB),https://en-support.renesas.com/knowledgeBase/category/31058/subcategory/31107,False,,1
Clocks & Timing,https://en-support.renesas.com/knowledgeBase/category/31058,Application-Specific Clocks,https://en-support.renesas.com/knowledgeBase/category/31058/subcategory/31648,False,,1
Interface,https://en-support.renesas.com/knowledgeBase/category/12888,"RS-485, RS-422 & RS-232",https://en-support.renesas.com/knowledgeBase/category/12888/subcategory/15164,True,https://en-support.renesas.com/knowledgeBase/category/12888/subcategory/15164,57
Interface,https://en-support.renesas.com/knowledgeBase/category/12888,Signal Integrity Products,https://en-support.renesas.com/knowledgeBase/category/12888/subcategory/12928,False,,1
Interface,https://en-support.renesas.com/knowledgeBase/category/12888,USB,https://en-support.renesas.com/knowledgeBase/category/12888/subcategory/30638,False,,2
Interface,https://en-support.renesas.com/knowledgeBase/category/12888,USB Battery Charging Identifier,https://en-support.renesas.com/knowledgeBase/category/12888/subcategory/31577,False,,4
Interface,https://en-support.renesas.com/knowledgeBase/category/12888,DSP,https://en-support.renesas.com/knowledgeBase/category/12888/subcategory/15162,False,,1
Interface,https://en-support.renesas.com/knowledgeBase/category/12888,Photocouplers,https://en-support.renesas.com/knowledgeBase/category/12888/subcategory/30897,True,https://en-support.renesas.com/knowledgeBase/category/12888/subcategory/30897,32
Interface,https://en-support.renesas.com/knowledgeBase/category/12888,R-IN32M3 (Multiprotocol Communication),https://en-support.renesas.com/knowledgeBase/category/12888/subcategory/31636,True,https://en-support.renesas.com/knowledgeBase/category/12888/subcategory/31636,7
Interface,https://en-support.renesas.com/knowledgeBase/category/12888,TPS-1 (PROFINET),https://en-support.renesas.com/knowledgeBase/category/12888/subcategory/31634,True,https://en-support.renesas.com/knowledgeBase/category/12888/subcategory/31634,51
Interface,https://en-support.renesas.com/knowledgeBase/category/12888,ASI4U-V5 (AS-Interface Products),https://en-support.renesas.com/knowledgeBase/category/12888/subcategory/31637,False,,3
Interface,https://en-support.renesas.com/knowledgeBase/category/12888,R-IN32M4 (Industrial Ethernet Communication),https://en-support.renesas.com/knowledgeBase/category/12888/subcategory/31638,False,,0
Interface,https://en-support.renesas.com/knowledgeBase/category/12888,CCE4511,https://en-support.renesas.com/knowledgeBase/category/12888/subcategory/33217,False,,3
Connectivity,https://en-support.renesas.com/knowledgeBase/category/31752,Cellular IoT Modules,https://en-support.renesas.com/knowledgeBase/category/31752/subcategory/31388,True,https://en-support.renesas.com/knowledgeBase/category/31752/subcategory/31388,19
Connectivity,https://en-support.renesas.com/knowledgeBase/category/31752,NFC,https://en-support.renesas.com/knowledgeBase/category/31752/subcategory/32188,True,https://en-support.renesas.com/knowledgeBase/category/31752/subcategory/32188,18
Connectivity,https://en-support.renesas.com/knowledgeBase/category/31752,Wi-SUN FAN,https://en-support.renesas.com/knowledgeBase/category/31752/subcategory/31735,False,,5
Bluetooth Low Energy,https://en-support.renesas.com/knowledgeBase/category/31069,DA14585/531 - Software,https://en-support.renesas.com/knowledgeBase/category/31069/subcategory/31722,True,https://en-support.renesas.com/knowledgeBase/category/31069/subcategory/31722,52
Bluetooth Low Energy,https://en-support.renesas.com/knowledgeBase/category/31069,DA14585/531 - Hardware,https://en-support.renesas.com/knowledgeBase/category/31069/subcategory/31723,True,https://en-support.renesas.com/knowledgeBase/category/31069/subcategory/31723,21
Bluetooth Low Energy,https://en-support.renesas.com/knowledgeBase/category/31069,DA14585/531 - RF,https://en-support.renesas.com/knowledgeBase/category/31069/subcategory/31724,True,https://en-support.renesas.com/knowledgeBase/category/31069/subcategory/31724,10
Bluetooth Low Energy,https://en-support.renesas.com/knowledgeBase/category/31069,DA14592,https://en-support.renesas.com/knowledgeBase/category/31069/subcategory/32424,True,https://en-support.renesas.com/knowledgeBase/category/31069/subcategory/32424,22
Bluetooth Low Energy,https://en-support.renesas.com/knowledgeBase/category/31069,DA1469x - Software,https://en-support.renesas.com/knowledgeBase/category/31069/subcategory/31725,True,https://en-support.renesas.com/knowledgeBase/category/31069/subcategory/31725,9
Bluetooth Low Energy,https://en-support.renesas.com/knowledgeBase/category/31069,DA1469x - Hardware,https://en-support.renesas.com/knowledgeBase/category/31069/subcategory/31726,False,,2
Bluetooth Low Energy,https://en-support.renesas.com/knowledgeBase/category/31069,DA1469x - RF,https://en-support.renesas.com/knowledgeBase/category/31069/subcategory/31727,False,,0
Bluetooth Low Energy,https://en-support.renesas.com/knowledgeBase/category/31069,DA14592/DA14592MOD tutorials and training material,https://en-support.renesas.com/knowledgeBase/category/31069/subcategory/33321,False,,5
Bluetooth Low Energy,https://en-support.renesas.com/knowledgeBase/category/31069,RL78/G1D,https://en-support.renesas.com/knowledgeBase/category/31069/subcategory/31071,True,https://en-support.renesas.com/knowledgeBase/category/31069/subcategory/31071,9
Bluetooth Low Energy,https://en-support.renesas.com/knowledgeBase/category/31069,RL78/G1D Module,https://en-support.renesas.com/knowledgeBase/category/31069/subcategory/31072,False,,5
Bluetooth Low Energy,https://en-support.renesas.com/knowledgeBase/category/31069,Protocol Stack for RL78 Family,https://en-support.renesas.com/knowledgeBase/category/31069/subcategory/31074,True,https://en-support.renesas.com/knowledgeBase/category/31069/subcategory/31074,21
Bluetooth Low Energy,https://en-support.renesas.com/knowledgeBase/category/31069,Development Environments for RL78 Family,https://en-support.renesas.com/knowledgeBase/category/31069/subcategory/31076,False,,4
Bluetooth Low Energy,https://en-support.renesas.com/knowledgeBase/category/31069,RX23W,https://en-support.renesas.com/knowledgeBase/category/31069/subcategory/31177,True,https://en-support.renesas.com/knowledgeBase/category/31069/subcategory/31177,7
Bluetooth Low Energy,https://en-support.renesas.com/knowledgeBase/category/31069,Protocol Stack for RX Family,https://en-support.renesas.com/knowledgeBase/category/31069/subcategory/31179,True,https://en-support.renesas.com/knowledgeBase/category/31069/subcategory/31179,13
Bluetooth Low Energy,https://en-support.renesas.com/knowledgeBase/category/31069,Development Environments for RX Family,https://en-support.renesas.com/knowledgeBase/category/31069/subcategory/31180,False,,1
Bluetooth Low Energy,https://en-support.renesas.com/knowledgeBase/category/31069,Specification,https://en-support.renesas.com/knowledgeBase/category/31069/subcategory/31073,False,,1
Bluetooth Low Energy,https://en-support.renesas.com/knowledgeBase/category/31069,Certification,https://en-support.renesas.com/knowledgeBase/category/31069/subcategory/31075,True,https://en-support.renesas.com/knowledgeBase/category/31069/subcategory/31075,13
Bluetooth Low Energy,https://en-support.renesas.com/knowledgeBase/category/31069,Others,https://en-support.renesas.com/knowledgeBase/category/31069/subcategory/31077,False,,0
IoT Wi-Fi,https://en-support.renesas.com/knowledgeBase/category/31728,DA16200/600 - Software,https://en-support.renesas.com/knowledgeBase/category/31728/subcategory/31729,False,,2
IoT Wi-Fi,https://en-support.renesas.com/knowledgeBase/category/31728,DA16200/600 - Hardware,https://en-support.renesas.com/knowledgeBase/category/31728/subcategory/31730,False,,0
IoT Wi-Fi,https://en-support.renesas.com/knowledgeBase/category/31728,DA16200/600 - RF,https://en-support.renesas.com/knowledgeBase/category/31728/subcategory/31731,False,,0
IoT Wi-Fi,https://en-support.renesas.com/knowledgeBase/category/31728,MATTER,https://en-support.renesas.com/knowledgeBase/category/31728/subcategory/31732,True,https://en-support.renesas.com/knowledgeBase/category/31728/subcategory/31732,10
Functional Safety,https://en-support.renesas.com/knowledgeBase/category/31556,IEC61508 Solution for Industrial Automation,https://en-support.renesas.com/knowledgeBase/category/31556/subcategory/31557,True,https://en-support.renesas.com/knowledgeBase/category/31556/subcategory/31557,8
Memory & Logic,https://en-support.renesas.com/knowledgeBase/category/30567,FIFO Products,https://en-support.renesas.com/knowledgeBase/category/30567/subcategory/31109,True,https://en-support.renesas.com/knowledgeBase/category/30567/subcategory/31109,6
Memory & Logic,https://en-support.renesas.com/knowledgeBase/category/30567,Multi-Port Memory,https://en-support.renesas.com/knowledgeBase/category/30567/subcategory/31110,True,https://en-support.renesas.com/knowledgeBase/category/30567/subcategory/31110,8
Memory & Logic,https://en-support.renesas.com/knowledgeBase/category/30567,SRAM,https://en-support.renesas.com/knowledgeBase/category/30567/subcategory/30568,True,https://en-support.renesas.com/knowledgeBase/category/30567/subcategory/30568,37
Memory & Logic,https://en-support.renesas.com/knowledgeBase/category/30567,SRAMs (ex-IDT products),https://en-support.renesas.com/knowledgeBase/category/30567/subcategory/31111,False,,4
Memory & Logic,https://en-support.renesas.com/knowledgeBase/category/30567,Memory,https://en-support.renesas.com/knowledgeBase/category/30567/subcategory/12952,False,,2
Memory & Logic,https://en-support.renesas.com/knowledgeBase/category/30567,SPI NOR Flash,https://en-support.renesas.com/knowledgeBase/category/30567/subcategory/31595,True,https://en-support.renesas.com/knowledgeBase/category/30567/subcategory/31595,33
Power Discretes,https://en-support.renesas.com/knowledgeBase/category/32962,Gallium Nitride (GaN),https://en-support.renesas.com/knowledgeBase/category/32962/subcategory/33189,False,,5
Power Discretes,https://en-support.renesas.com/knowledgeBase/category/32962,Power Diodes,https://en-support.renesas.com/knowledgeBase/category/32962/subcategory/30580,True,https://en-support.renesas.com/knowledgeBase/category/32962/subcategory/30580,21
Power Discretes,https://en-support.renesas.com/knowledgeBase/category/32962,Power MOSFETs,https://en-support.renesas.com/knowledgeBase/category/32962/subcategory/30552,True,https://en-support.renesas.com/knowledgeBase/category/32962/subcategory/30552,38
Power Discretes,https://en-support.renesas.com/knowledgeBase/category/32962,MOSFET,https://en-support.renesas.com/knowledgeBase/category/32962/subcategory/30551,True,https://en-support.renesas.com/knowledgeBase/category/32962/subcategory/30551,20
Power Discretes,https://en-support.renesas.com/knowledgeBase/category/32962,MOSFET Drivers,https://en-support.renesas.com/knowledgeBase/category/32962/subcategory/12060,True,https://en-support.renesas.com/knowledgeBase/category/32962/subcategory/12060,42
Power Discretes,https://en-support.renesas.com/knowledgeBase/category/32962,Thyristors and Triacs,https://en-support.renesas.com/knowledgeBase/category/32962/subcategory/30582,True,https://en-support.renesas.com/knowledgeBase/category/32962/subcategory/30582,16
Power Discretes,https://en-support.renesas.com/knowledgeBase/category/32962,Discretes - General,https://en-support.renesas.com/knowledgeBase/category/32962/subcategory/31645,True,https://en-support.renesas.com/knowledgeBase/category/32962/subcategory/31645,7
Power & Power Management,https://en-support.renesas.com/knowledgeBase/category/12046,Battery Management Solutions (BMS),https://en-support.renesas.com/knowledgeBase/category/12046/subcategory/12048,True,https://en-support.renesas.com/knowledgeBase/category/12046/subcategory/12048,41
Power & Power Management,https://en-support.renesas.com/knowledgeBase/category/12046,Computing Power VRM/IMVP,https://en-support.renesas.com/knowledgeBase/category/12046/subcategory/12049,True,https://en-support.renesas.com/knowledgeBase/category/12046/subcategory/12049,94
Power & Power Management,https://en-support.renesas.com/knowledgeBase/category/12046,Converters,https://en-support.renesas.com/knowledgeBase/category/12046/subcategory/30563,True,https://en-support.renesas.com/knowledgeBase/category/12046/subcategory/30563,7
Power & Power Management,https://en-support.renesas.com/knowledgeBase/category/12046,Digital Power,https://en-support.renesas.com/knowledgeBase/category/12046/subcategory/12067,True,https://en-support.renesas.com/knowledgeBase/category/12046/subcategory/12067,12
Power & Power Management,https://en-support.renesas.com/knowledgeBase/category/12046,Display Power and Backlighting,https://en-support.renesas.com/knowledgeBase/category/12046/subcategory/12051,False,,0
Power & Power Management,https://en-support.renesas.com/knowledgeBase/category/12046,General-purpose Linear - Others,https://en-support.renesas.com/knowledgeBase/category/12046/subcategory/30566,False,,3
Power & Power Management,https://en-support.renesas.com/knowledgeBase/category/12046,Hot Plug and ORing,https://en-support.renesas.com/knowledgeBase/category/12046/subcategory/12052,False,,5
Power & Power Management,https://en-support.renesas.com/knowledgeBase/category/12046,Isolated Power,https://en-support.renesas.com/knowledgeBase/category/12046/subcategory/12054,False,,2
Power & Power Management,https://en-support.renesas.com/knowledgeBase/category/12046,Linear Regulation,https://en-support.renesas.com/knowledgeBase/category/12046/subcategory/12057,True,https://en-support.renesas.com/knowledgeBase/category/12046/subcategory/12057,7
Power & Power Management,https://en-support.renesas.com/knowledgeBase/category/12046,LNB Regulators,https://en-support.renesas.com/knowledgeBase/category/12046/subcategory/12059,False,,0
Power & Power Management,https://en-support.renesas.com/knowledgeBase/category/12046,Load Switches,https://en-support.renesas.com/knowledgeBase/category/12046/subcategory/31589,False,,4
Power & Power Management,https://en-support.renesas.com/knowledgeBase/category/12046,Motor Control ICs,https://en-support.renesas.com/knowledgeBase/category/12046/subcategory/31393,False,,5
Power & Power Management,https://en-support.renesas.com/knowledgeBase/category/12046,PMIC,https://en-support.renesas.com/knowledgeBase/category/12046/subcategory/12061,False,,1
Power & Power Management,https://en-support.renesas.com/knowledgeBase/category/12046,PowerCompass,https://en-support.renesas.com/knowledgeBase/category/12046/subcategory/28567,True,https://en-support.renesas.com/knowledgeBase/category/12046/subcategory/28567,14
Power & Power Management,https://en-support.renesas.com/knowledgeBase/category/12046,Power Modules,https://en-support.renesas.com/knowledgeBase/category/12046/subcategory/12062,False,,3
Power & Power Management,https://en-support.renesas.com/knowledgeBase/category/12046,Power Supply Support,https://en-support.renesas.com/knowledgeBase/category/12046/subcategory/12064,False,,5
Power & Power Management,https://en-support.renesas.com/knowledgeBase/category/12046,Switching Controller and PWM Controller ICs,https://en-support.renesas.com/knowledgeBase/category/12046/subcategory/12065,True,https://en-support.renesas.com/knowledgeBase/category/12046/subcategory/12065,13
Power & Power Management,https://en-support.renesas.com/knowledgeBase/category/12046,Switching Regulators,https://en-support.renesas.com/knowledgeBase/category/12046/subcategory/12066,True,https://en-support.renesas.com/knowledgeBase/category/12046/subcategory/12066,62
Power & Power Management,https://en-support.renesas.com/knowledgeBase/category/12046,Transistor,https://en-support.renesas.com/knowledgeBase/category/12046/subcategory/30576,True,https://en-support.renesas.com/knowledgeBase/category/12046/subcategory/30576,13
Power & Power Management,https://en-support.renesas.com/knowledgeBase/category/12046,Wireless Power,https://en-support.renesas.com/knowledgeBase/category/12046/subcategory/31115,True,https://en-support.renesas.com/knowledgeBase/category/12046/subcategory/31115,24
Power & Power Management,https://en-support.renesas.com/knowledgeBase/category/12046,Common,https://en-support.renesas.com/knowledgeBase/category/12046/subcategory/30896,True,https://en-support.renesas.com/knowledgeBase/category/12046/subcategory/30896,24
"Programmable Mixed-signal, ASIC, & IP",https://en-support.renesas.com/knowledgeBase/category/31590,GreenPAK™ Programmable Mixed-signal,https://en-support.renesas.com/knowledgeBase/category/31590/subcategory/31591,True,https://en-support.renesas.com/knowledgeBase/category/31590/subcategory/31591,91
"Programmable Mixed-signal, ASIC, & IP",https://en-support.renesas.com/knowledgeBase/category/31590,Mixed signal,https://en-support.renesas.com/knowledgeBase/category/31590/subcategory/31647,False,,3
RF Products,https://en-support.renesas.com/knowledgeBase/category/31061,RF & JESD204B Timing,https://en-support.renesas.com/knowledgeBase/category/31061/subcategory/31112,False,,0
RF Products,https://en-support.renesas.com/knowledgeBase/category/31061,RF Converter Clocks,https://en-support.renesas.com/knowledgeBase/category/31061/subcategory/31113,False,,0
RF Products,https://en-support.renesas.com/knowledgeBase/category/31061,RF Synthesizers & PLLs,https://en-support.renesas.com/knowledgeBase/category/31061/subcategory/31114,False,,1
Environmental Sensors,https://en-support.renesas.com/knowledgeBase/category/31607,Gas Sensors,https://en-support.renesas.com/knowledgeBase/category/31607/subcategory/31608,True,https://en-support.renesas.com/knowledgeBase/category/31607/subcategory/31608,101
Environmental Sensors,https://en-support.renesas.com/knowledgeBase/category/31607,Humidity & Temperature Sensors,https://en-support.renesas.com/knowledgeBase/category/31607/subcategory/32791,True,https://en-support.renesas.com/knowledgeBase/category/31607/subcategory/32791,17
Environmental Sensors,https://en-support.renesas.com/knowledgeBase/category/31607,Intelligent Sensors Modules,https://en-support.renesas.com/knowledgeBase/category/31607/subcategory/33552,True,https://en-support.renesas.com/knowledgeBase/category/31607/subcategory/33552,10
Sensor Products,https://en-support.renesas.com/knowledgeBase/category/31622,Flow Sensors,https://en-support.renesas.com/knowledgeBase/category/31622/subcategory/31623,True,https://en-support.renesas.com/knowledgeBase/category/31622/subcategory/31623,30
Sensor Products,https://en-support.renesas.com/knowledgeBase/category/31622,Ambient Light Sensors,https://en-support.renesas.com/knowledgeBase/category/31622/subcategory/12930,False,,1
Sensor Products,https://en-support.renesas.com/knowledgeBase/category/31622,Proximity Sensors,https://en-support.renesas.com/knowledgeBase/category/31622/subcategory/12934,False,,4
Sensor Products,https://en-support.renesas.com/knowledgeBase/category/31622,Laser Diode Drivers,https://en-support.renesas.com/knowledgeBase/category/31622/subcategory/31644,False,,2
Sensor Products,https://en-support.renesas.com/knowledgeBase/category/31622,Optical Sensors,https://en-support.renesas.com/knowledgeBase/category/31622/subcategory/32426,False,,0
Sensor Products,https://en-support.renesas.com/knowledgeBase/category/31622,SSC,https://en-support.renesas.com/knowledgeBase/category/31622/subcategory/33218,True,https://en-support.renesas.com/knowledgeBase/category/31622/subcategory/33218,7
Space and Harsh Environment,https://en-support.renesas.com/knowledgeBase/category/12890,/883,https://en-support.renesas.com/knowledgeBase/category/12890/subcategory/12935,False,,3
Space and Harsh Environment,https://en-support.renesas.com/knowledgeBase/category/12890,Harsh Environment,https://en-support.renesas.com/knowledgeBase/category/12890/subcategory/12936,False,,5
Space and Harsh Environment,https://en-support.renesas.com/knowledgeBase/category/12890,Rad Hard Analog,https://en-support.renesas.com/knowledgeBase/category/12890/subcategory/12937,True,https://en-support.renesas.com/knowledgeBase/category/12890/subcategory/12937,115
Space and Harsh Environment,https://en-support.renesas.com/knowledgeBase/category/12890,Rad Hard Digital,https://en-support.renesas.com/knowledgeBase/category/12890/subcategory/12938,False,,5
Space and Harsh Environment,https://en-support.renesas.com/knowledgeBase/category/12890,Rad Hard Power,https://en-support.renesas.com/knowledgeBase/category/12890/subcategory/12939,True,https://en-support.renesas.com/knowledgeBase/category/12890/subcategory/12939,72
Space and Harsh Environment,https://en-support.renesas.com/knowledgeBase/category/12890,Rad Tolerant Analog,https://en-support.renesas.com/knowledgeBase/category/12890/subcategory/30117,True,https://en-support.renesas.com/knowledgeBase/category/12890/subcategory/30117,11
Space and Harsh Environment,https://en-support.renesas.com/knowledgeBase/category/12890,Rad Tolerant Digital,https://en-support.renesas.com/knowledgeBase/category/12890/subcategory/30937,False,,4
Space and Harsh Environment,https://en-support.renesas.com/knowledgeBase/category/12890,Rad Tolerant Power,https://en-support.renesas.com/knowledgeBase/category/12890/subcategory/30118,False,,5
Space and Harsh Environment,https://en-support.renesas.com/knowledgeBase/category/12890,General Product Issues,https://en-support.renesas.com/knowledgeBase/category/12890/subcategory/31045,True,https://en-support.renesas.com/knowledgeBase/category/12890/subcategory/31045,19
End Market Specific,https://en-support.renesas.com/knowledgeBase/category/15171,Electric Vehicle (EV) Charging,https://en-support.renesas.com/knowledgeBase/category/15171/subcategory/31979,True,https://en-support.renesas.com/knowledgeBase/category/15171/subcategory/31979,6
End Market Specific,https://en-support.renesas.com/knowledgeBase/category/15171,Automotive ICs,https://en-support.renesas.com/knowledgeBase/category/15171/subcategory/15587,True,https://en-support.renesas.com/knowledgeBase/category/15171/subcategory/15587,129
End Market Specific,https://en-support.renesas.com/knowledgeBase/category/15171,Communications ICs,https://en-support.renesas.com/knowledgeBase/category/15171/subcategory/15172,False,,0
Quality & Packaging,https://en-support.renesas.com/knowledgeBase/category/31631,Manufacturing & Packaging,https://en-support.renesas.com/knowledgeBase/category/31631/subcategory/15166,True,https://en-support.renesas.com/knowledgeBase/category/31631/subcategory/15166,19
Quality & Packaging,https://en-support.renesas.com/knowledgeBase/category/31631,Product Verification,https://en-support.renesas.com/knowledgeBase/category/31631/subcategory/15601,False,,2
Quality & Packaging,https://en-support.renesas.com/knowledgeBase/category/31631,Quality & Reliability,https://en-support.renesas.com/knowledgeBase/category/31631/subcategory/15200,False,,5
Quality & Packaging,https://en-support.renesas.com/knowledgeBase/category/31631,Precaution,https://en-support.renesas.com/knowledgeBase/category/31631/subcategory/30596,True,https://en-support.renesas.com/knowledgeBase/category/31631/subcategory/30596,6
Quality & Packaging,https://en-support.renesas.com/knowledgeBase/category/31631,Thermal resistance,https://en-support.renesas.com/knowledgeBase/category/31631/subcategory/30599,False,,1
Quality & Packaging,https://en-support.renesas.com/knowledgeBase/category/31631,Quality & Packaging (ex-IDT products),https://en-support.renesas.com/knowledgeBase/category/31631/subcategory/31697,False,,2
Others,https://en-support.renesas.com/knowledgeBase/category/30583,IDT General Parts,https://en-support.renesas.com/knowledgeBase/category/30583/subcategory/31108,False,,2
Others,https://en-support.renesas.com/knowledgeBase/category/30583,General knowledge of Semiconductors,https://en-support.renesas.com/knowledgeBase/category/30583/subcategory/30586,False,,1
Others,https://en-support.renesas.com/knowledgeBase/category/30583,Product Longevity Program (PLP),https://en-support.renesas.com/knowledgeBase/category/30583/subcategory/30597,False,,0
Others,https://en-support.renesas.com/knowledgeBase/category/30583,Renesas Orderable Part Number,https://en-support.renesas.com/knowledgeBase/category/30583/subcategory/30598,False,,0
Others,https://en-support.renesas.com/knowledgeBase/category/30583,Availability,https://en-support.renesas.com/knowledgeBase/category/30583/subcategory/15176,False,,1
Others,https://en-support.renesas.com/knowledgeBase/category/30583,Simulation Models,https://en-support.renesas.com/knowledgeBase/category/30583/subcategory/15602,False,,0
Others,https://en-support.renesas.com/knowledgeBase/category/30583,Old Products,https://en-support.renesas.com/knowledgeBase/category/30583/subcategory/31691,False,,0
Others,https://en-support.renesas.com/knowledgeBase/category/30583,Common,https://en-support.renesas.com/knowledgeBase/category/30583/subcategory/30585,False,,0
Others,https://en-support.renesas.com/knowledgeBase/category/30583,Others,https://en-support.renesas.com/knowledgeBase/category/30583/subcategory/30584,False,,4
Others,https://en-support.renesas.com/knowledgeBase/category/30583,Internal only1,https://en-support.renesas.com/knowledgeBase/category/30583/subcategory/30588,False,,0
Others,https://en-support.renesas.com/knowledgeBase/category/30583,Internal only11,https://en-support.renesas.com/knowledgeBase/category/30583/subcategory/30590,False,,0
Others,https://en-support.renesas.com/knowledgeBase/category/30583,Internal only2,https://en-support.renesas.com/knowledgeBase/category/30583/subcategory/30591,False,,0
Others,https://en-support.renesas.com/knowledgeBase/category/30583,Internal only21,https://en-support.renesas.com/knowledgeBase/category/30583/subcategory/30592,False,,0
Others,https://en-support.renesas.com/knowledgeBase/category/30583,Internal only3,https://en-support.renesas.com/knowledgeBase/category/30583/subcategory/30593,False,,0
Others,https://en-support.renesas.com/knowledgeBase/category/30583,Internal only4,https://en-support.renesas.com/knowledgeBase/category/30583/subcategory/30594,False,,0
Others,https://en-support.renesas.com/knowledgeBase/category/30583,Internal only9,https://en-support.renesas.com/knowledgeBase/category/30583/subcategory/30595,False,,0
